post_name,post_title,world,character,maker,line,size,price,rarity,why,coupang_url,product_image
kny-01,絆ノ装 카마도 탄지로,kny,탄지로,반프레스토,絆ノ装,약 15cm,2~3만 원대,common,"프라이즈 중 가장 무난한 입문작. 물의 호흡 이펙트 포함, 책상 위에 두기 좋은 크기.",,
kny-02,絆ノ装 카마도 네즈코,kny,네즈코,반프레스토,絆ノ装,약 15cm,2~3만 원대,common,탄지로와 같은 라인. 나란히 두면 세트. 상자 안에 앉은 포즈 버전도 있음.,,
kny-03,Vibration Stars 렌고쿠 쿄쥬로,kny,렌고쿠,반프레스토,Vibration Stars,약 15cm,2~4만 원대,common,염의 호흡 이펙트가 크고 역동적. 재고가 자주 바뀌니 보이면 바로.,,
kny-04,Vibration Stars 아가츠마 젠이츠,kny,젠이츠,반프레스토,Vibration Stars,약 15cm,2~4만 원대,common,벽력일섬 자세. 프라이즈 중 젠이츠 조형이 가장 좋다는 평.,,
kny-05,Vibration Stars 하시비라 이노스케,kny,이노스케,반프레스토,Vibration Stars,약 15cm,2~4만 원대,common,멧돼지 가면 + 쌍검 포즈. 렌고쿠·젠이츠와 같은 라인으로 3인 세트.,,
kny-06,Vibration Stars 토미오카 기유,kny,기유,반프레스토,Vibration Stars,약 15cm,2~4만 원대,common,물의 호흡 11형 이펙트. 조용한 팬층이 두터움.,,
kny-07,Q posket 카마도 네즈코,kny,네즈코,반프레스토,Q posket,약 14cm,2~3만 원대,common,큰 눈 데포르메. 귀여운 쪽을 원하면 이쪽. 색상 2종.,,
kny-08,Grandista 카마도 탄지로,kny,탄지로,반프레스토,Grandista,약 25cm,4~6만 원대,rare,대형 사이즈. 하오리 체크 패턴 인쇄가 깔끔해 진열 존재감이 큼.,,
kny-09,넨도로이드 카마도 탄지로,kny,탄지로,굿스마일컴퍼니,넨도로이드,약 10cm,6~9만 원대,rare,교체 표정·손·일륜도 포함. 포즈 바꾸는 재미. 홀로그램 씰로 정품 확인.,,
kny-10,넨도로이드 카마도 네즈코,kny,네즈코,굿스마일컴퍼니,넨도로이드,약 10cm,6~9만 원대,rare,"대나무 재갈 탈착, 혈귀술 이펙트 파츠. 탄지로 넨도와 세트 수요.",,
kny-11,POP UP PARADE 렌고쿠 쿄쥬로,kny,렌고쿠,굿스마일컴퍼니,POP UP PARADE,약 17cm,5~7만 원대,rare,스케일 입문 라인. 불꽃 이펙트 없이 서 있는 포즈라 담백함.,,
kny-12,1/8 아가츠마 젠이츠 벽력일섬,kny,젠이츠,애니플렉스,스케일 1/8,약 20cm,20만 원대 이상,epic,번개 이펙트와 잔상 표현이 압도적. 귀멸 피규어 끝판왕으로 자주 꼽힘.,,
kny-13,1/8 카마도 탄지로 히노카미 카구라,kny,탄지로,애니플렉스,스케일 1/8,약 22cm,20만 원대 이상,epic,불꽃 이펙트가 피규어 전체를 감싸는 조형. 예약 판매 중심.,,
kny-14,한정 렌고쿠 쿄쥬로 무한열차 Ver.,kny,렌고쿠,애니플렉스,한정,약 22cm,시세 변동,legendary,재판 없음. 정가 구매는 사실상 불가. 중고 시세 확인 필수.,,
jjk-01,Jukon no Kata 고죠 사토루 (육안),jjk,고죠,반프레스토,呪魂ノ型,약 16cm,2~3만 원대,common,주술회전 피규어 중 가장 많이 팔림. 안대 벗은 육안 버전이 고죠다움이 더 삼.,,
jjk-02,Jukon no Kata 고죠 사토루 (안대),jjk,고죠,반프레스토,呪魂ノ型,약 16cm,2~3만 원대,common,안대 버전. 육안 버전과 나란히 두는 팬이 많음.,,
jjk-03,Jukon no Kata 이타도리 유지,jjk,이타도리,반프레스토,呪魂ノ型,약 16cm,2~3만 원대,common,재고가 비교적 안정적. 고죠와 나란히 두면 구도가 잘 잡힘.,,
jjk-04,Jukon no Kata 후시구로 메구미,jjk,메구미,반프레스토,呪魂ノ型,약 16cm,2~3만 원대,common,옥견 없이 단독. 1학년 3인방 세트의 한 자리.,,
jjk-05,Jukon no Kata 쿠기사키 노바라,jjk,노바라,반프레스토,呪魂ノ型,약 16cm,2~3만 원대,common,망치 든 포즈. 3인방 중 재고가 가장 오래 남는 편.,,
jjk-06,Jukon no Kata 후시구로 토지,jjk,토지,반프레스토,呪魂ノ型,약 17cm,2~3만 원대,common,시즌 2 과거편 이후 수요 급증. 천역창 포즈.,,
jjk-07,King of Artist 료멘스쿠나,jjk,스쿠나,반프레스토,King of Artist,약 20cm,3~4만 원대,rare,상위 프라이즈 라인. 문신과 네 개의 눈 표현이 깔끔. 시부야 사변 이후 수요 급증.,,
jjk-08,King of Artist 고죠 사토루,jjk,고죠,반프레스토,King of Artist,약 20cm,3~4만 원대,rare,무량공처 직전 손 포즈. 프라이즈 고죠 중 최상급 조형.,,
jjk-09,넨도로이드 고죠 사토루,jjk,고죠,굿스마일컴퍼니,넨도로이드,약 10cm,6~9만 원대,rare,안대·육안·웃는 얼굴 교체 + 무량공처 손. 재판이 잦아 구하기 쉬움. 짝퉁 주의.,,
jjk-10,넨도로이드 이타도리 유지,jjk,이타도리,굿스마일컴퍼니,넨도로이드,약 10cm,6~9만 원대,rare,스쿠나 얼굴 교체 파츠 포함. 고죠 넨도와 세트.,,
jjk-11,POP UP PARADE 후시구로 메구미,jjk,메구미,굿스마일컴퍼니,POP UP PARADE,약 17cm,5~7만 원대,rare,옥견 소환 포즈. 노바라·이타도리와 모으면 1학년 3인방.,,
jjk-12,POP UP PARADE 쿠기사키 노바라,jjk,노바라,굿스마일컴퍼니,POP UP PARADE,약 17cm,5~7만 원대,rare,망치와 못을 든 포즈. 메구미와 같은 라인.,,
jjk-13,1/7 고죠 사토루 무량공처,jjk,고죠,굿스마일컴퍼니,스케일 1/7,약 29cm,25만 원대 이상,epic,영역전개 이펙트 베이스 포함. 주술회전 소장용 정점.,,
csm-01,Chain Spirits 덴지 (체인소맨),csm,덴지,반프레스토,Chain Spirits,약 15cm,2~3만 원대,common,체인소맨 피규어의 기본 중 기본. 변신 상태 역동 포즈.,,
csm-02,Chain Spirits 파워,csm,파워,반프레스토,Chain Spirits,약 15cm,2~3만 원대,common,작중 인기 1위. 재입고가 느려 보이면 먼저 담기.,,
csm-03,Chain Spirits 하야카와 아키,csm,아키,반프레스토,Chain Spirits,약 16cm,2~3만 원대,common,일본도 + 담배. 덴지·파워와 3인 세트.,,
csm-04,Vibration Stars 마키마,csm,마키마,반프레스토,Vibration Stars,약 15cm,2~4만 원대,common,정장 차림 스탠딩. 머리카락 그라데이션과 나선 눈동자 재현 좋음.,,
csm-05,포치타 빅 플러시 인형,csm,포치타,반프레스토,플러시,약 30cm,2~3만 원대,common,피규어는 아니지만 체인소맨 굿즈 중 가장 많이 팔림. 짝퉁 최다 — 태그 확인.,,
csm-06,넨도로이드 덴지,csm,덴지,굿스마일컴퍼니,넨도로이드,약 10cm,6~9만 원대,rare,체인소 머리 교체 파츠 + 포치타 미니 피규어 동봉.,,
csm-07,넨도로이드 파워,csm,파워,굿스마일컴퍼니,넨도로이드,약 10cm,6~9만 원대,rare,"피의 망치 파츠, 뾰족 이빨 웃는 얼굴. 냥코 파츠 포함.",,
csm-08,POP UP PARADE 레제,csm,레제,굿스마일컴퍼니,POP UP PARADE,약 17cm,5~7만 원대,rare,극장판 레제편 이후 가장 많이 찾는 상품. 품절 시 프리미엄.,,
csm-09,POP UP PARADE 마키마,csm,마키마,굿스마일컴퍼니,POP UP PARADE,약 17cm,5~7만 원대,rare,레제와 같은 라인. 둘을 나란히 두는 수요.,,
csm-10,1/7 체인소맨,csm,덴지,굿스마일컴퍼니,스케일 1/7,약 27cm,20만 원대 이상,epic,체인소 디테일과 피 이펙트. 체인소맨 소장용 대표작.,,
csm-11,1/7 레제 (봄의 폭탄),csm,레제,굿스마일컴퍼니,스케일 1/7,약 24cm,25만 원대 이상,epic,극장판 기념 스케일. 예약 판매 중심. 재판 소식 확인.,,
op-01,DXF Grandline Men 몽키 D. 루피 (와노쿠니),op,루피,반프레스토,DXF,약 17cm,2~4만 원대,common,DXF는 원피스 프라이즈 기본 라인. 밀짚모자 일당을 모으려면 이 라인으로 통일.,,
op-02,DXF Grandline Men 롤로노아 조로 (와노쿠니),op,조로,반프레스토,DXF,약 17cm,2~4만 원대,common,기모노 + 삼도류 포즈. 같은 DXF 라인으로 크기 맞추기.,,
op-03,DXF Grandline Lady 나미 (와노쿠니),op,나미,반프레스토,DXF,약 17cm,2~4만 원대,common,기모노 버전. Lady 라인은 Men과 크기가 같아 세트 가능.,,
op-04,DXF Grandline Men 상디 (와노쿠니),op,상디,반프레스토,DXF,약 17cm,2~4만 원대,common,정장 대신 기모노. 조로와 나란히 두는 조합 인기.,,
op-05,Battle Record Collection 샹크스,op,샹크스,반프레스토,Battle Record,약 18cm,3~4만 원대,common,패왕색 패기 연출. 망토 휘날리는 조형이 압권.,,
op-06,Battle Record Collection 루피 기어 5,op,루피,반프레스토,Battle Record,약 18cm,3~4만 원대,common,기어 5 흰색 버전. 에그헤드편 이후 품절 반복.,,
op-07,Grandista 몽키 D. 루피,op,루피,반프레스토,Grandista,약 27cm,4~6만 원대,rare,쿠팡 피규어관 인기 상품. 원피스 피규어 하나만 산다면 이것.,,
op-08,Grandista 롤로노아 조로,op,조로,반프레스토,Grandista,약 27cm,4~6만 원대,rare,루피 그랜디스타와 같은 크기. 둘을 세트로.,,
op-09,Master Stars Piece 포트거스 D. 에이스,op,에이스,반프레스토,MSP,약 25cm,5~7만 원대,rare,반프레스토 최상위 라인. 불꽃 이펙트와 디테일. 중고가 잘 유지.,,
op-10,Master Stars Piece 몽키 D. 루피,op,루피,반프레스토,MSP,약 25cm,5~7만 원대,rare,기본 복장 MSP. 그랜디스타보다 도색 밀도 높음.,,
op-11,Q posket 토니토니 초파,op,초파,반프레스토,Q posket,약 10cm,2~3만 원대,common,원피스 선물용 1순위. 어린이·입문자 모두 좋아함.,,
op-12,P.O.P 니코 로빈,op,로빈,메가하우스,Portrait.Of.Pirates,약 23cm,15~25만 원대,epic,원피스 피규어 끝판왕 브랜드. 정가 근처일 때 사는 것이 핵심.,,
op-13,P.O.P 나미,op,나미,메가하우스,Portrait.Of.Pirates,약 23cm,15~25만 원대,epic,재판 수요 높아 가격 변동 큼. 홀로그램 씰 확인.,,
op-14,P.O.P 샹크스 (MAXIMUM),op,샹크스,메가하우스,P.O.P MAXIMUM,약 30cm,30만 원대 이상,epic,P.O.P 중에서도 대형 라인. 영화 RED 이후 재판.,,
op-15,P.O.P 루피 기어 5 (한정),op,루피,메가하우스,한정,약 28cm,시세 변동,legendary,프리미엄 반다이 한정. 재판 없음. 중고 시세 확인.,,
frn-01,프리렌 (지팡이 포즈),frn,프리렌,반프레스토,프라이즈,약 15cm,2~3만 원대,common,프리렌 입문 기본형. 차분한 포즈가 작품 분위기와 맞음.,,
frn-02,페른,frn,페른,반프레스토,프라이즈,약 15cm,2~3만 원대,common,프리렌과 같은 라인. 사제 세트.,,
frn-03,슈타르크,frn,슈타르크,반프레스토,프라이즈,약 16cm,2~3만 원대,common,도끼 든 전사 포즈. 3인 세트의 마지막 자리.,,
frn-04,Q posket 프리렌,frn,프리렌,반프레스토,Q posket,약 14cm,2~3만 원대,common,데포르메 프리렌. 미미크 장면 연상.,,
frn-05,넨도로이드 프리렌,frn,프리렌,굿스마일컴퍼니,넨도로이드,약 10cm,6~9만 원대,rare,미미크 보고 들뜬 얼굴 + 마법 이펙트 파츠. 재판 잦음.,,
frn-06,넨도로이드 페른,frn,페른,굿스마일컴퍼니,넨도로이드,약 10cm,6~9만 원대,rare,무표정·화난 얼굴. 프리렌 넨도와 세트.,,
frn-07,POP UP PARADE 힘멜,frn,힘멜,굿스마일컴퍼니,POP UP PARADE,약 17cm,5~7만 원대,rare,젊은 시절 용사 모습. 힘멜이라면 그렇게 했을 거야.,,
frn-08,POP UP PARADE 슈타르크,frn,슈타르크,굿스마일컴퍼니,POP UP PARADE,약 18cm,5~7만 원대,rare,힘멜과 같은 라인. 프리렌·페른 POP UP까지 모으면 일행 완성.,,
frn-09,1/7 프리렌 꽃밭 Ver.,frn,프리렌,굿스마일컴퍼니,스케일 1/7,약 18cm,20만 원대 이상,epic,프리렌 소장용 정점. 꽃밭 베이스. 예약 판매 중심.,,
frn-10,1/7 페른,frn,페른,굿스마일컴퍼니,스케일 1/7,약 24cm,20만 원대 이상,epic,로브 주름과 지팡이 디테일. 프리렌 꽃밭 Ver.과 세트 수요.,,
sxf-01,아냐 포저 (교복),sxf,아냐,반프레스토,프라이즈,약 13cm,2~3만 원대,common,가장 많이 팔리는 기본형. 선물 1순위.,,
sxf-02,Q posket 아냐 포저,sxf,아냐,반프레스토,Q posket,약 14cm,2~3만 원대,common,데포르메와 궁합 최고. 피넛 든 버전 인기.,,
sxf-03,아냐 포저 (파자마),sxf,아냐,반프레스토,프라이즈,약 13cm,2~3만 원대,common,치미라 인형 안은 파자마 버전. 교복과 세트.,,
sxf-04,요르 포저 (가시공주),sxf,요르,반프레스토,프라이즈,약 17cm,2~4만 원대,common,어른 팬이 가장 많이 찾는 상품. 드레스 자락 조형 역동적.,,
sxf-05,로이드 포저,sxf,로이드,반프레스토,프라이즈,약 18cm,2~3만 원대,common,정장 스탠딩. 가족 3인 세트의 한 자리. 재고 안정적.,,
sxf-06,본드 포저 빅 플러시,sxf,본드,반프레스토,플러시,약 30cm,2~3만 원대,common,피규어보다 인형 수요. 아이 선물용.,,
sxf-07,넨도로이드 아냐 포저,sxf,아냐,굿스마일컴퍼니,넨도로이드,약 10cm,6~9만 원대,rare,히죽·울상 표정 + 치미라·본드 파츠. 어른 선물용.,,
sxf-08,넨도로이드 요르 포저,sxf,요르,굿스마일컴퍼니,넨도로이드,약 10cm,6~9만 원대,rare,일상복·가시공주 교체. 바늘 무기 파츠.,,
sxf-09,넨도로이드 로이드 포저,sxf,로이드,굿스마일컴퍼니,넨도로이드,약 10cm,6~9만 원대,rare,가족 넨도 3종 세트의 완성.,,
sxf-10,POP UP PARADE 아냐 포저,sxf,아냐,굿스마일컴퍼니,POP UP PARADE,약 13cm,4~6만 원대,rare,스케일 입문. 교복 + 와쿠와쿠 표정.,,
sxf-11,1/7 요르 포저 가시공주 드레스,sxf,요르,굿스마일컴퍼니,스케일 1/7,약 25cm,20만 원대 이상,epic,레이스·바늘 무기 금속 질감·홀스터까지 재현.,,
sxf-12,1/7 아냐 포저 (스텔라 스타),sxf,아냐,굿스마일컴퍼니,스케일 1/7,약 16cm,15만 원대 이상,epic,스텔라 획득 장면. 아냐 스케일 중 가장 인기.,,
blc-01,Solid and Souls 쿠로사키 이치고,blc,이치고,반프레스토,Solid and Souls,약 17cm,2~4만 원대,common,천년혈전 이후 재발매된 기본 라인. 참월 든 스탠딩.,,
blc-02,Solid and Souls 쿠치키 루키아,blc,루키아,반프레스토,Solid and Souls,약 15cm,2~4만 원대,common,만해 백하벌 포즈. 이치고와 세트.,,
blc-03,Solid and Souls 쿠치키 뱌쿠야,blc,뱌쿠야,반프레스토,Solid and Souls,약 17cm,2~4만 원대,common,천본앵 꽃잎 이펙트. 30대 팬층 수요.,,
blc-04,Solid and Souls 자라키 켄파치,blc,켄파치,반프레스토,Solid and Souls,약 18cm,2~4만 원대,common,천년혈전 만해 등장 후 수요 급증.,,
blc-05,Solid and Souls 아이젠 소스케,blc,아이젠,반프레스토,Solid and Souls,약 17cm,2~4만 원대,common,허 편 복장. 블리치 최고 인기 악역.,,
blc-06,Grandista 쿠로사키 이치고,blc,이치고,반프레스토,Grandista,약 27cm,4~6만 원대,rare,대형 사이즈. 천년혈전 신 참월 버전.,,
blc-07,넨도로이드 쿠로사키 이치고,blc,이치고,굿스마일컴퍼니,넨도로이드,약 10cm,6~9만 원대,rare,호로 가면 교체 파츠. 재판 2024.,,
blc-08,POP UP PARADE 쿠치키 루키아,blc,루키아,굿스마일컴퍼니,POP UP PARADE,약 16cm,5~7만 원대,rare,사신 대행 복장. 이치고 POP UP과 세트.,,
blc-09,POP UP PARADE 우라하라 키스케,blc,우라하라,굿스마일컴퍼니,POP UP PARADE,약 18cm,5~7만 원대,rare,모자·게타 디테일. 어른 팬 선호.,,
blc-10,1/8 쿠로사키 이치고 천년혈전 Ver.,blc,이치고,메가하우스,G.E.M.,약 22cm,20만 원대 이상,epic,G.E.M. 시리즈. 블리치 소장용 대표작.,,
onk-01,호시노 아이 (무대의상),onk,아이,반프레스토,프라이즈,약 16cm,2~3만 원대,common,최애의 아이 피규어의 기본형. 별 눈동자 인쇄 확인.,,
onk-02,호시노 루비 (B코마치),onk,루비,반프레스토,프라이즈,약 16cm,2~3만 원대,common,신생 B코마치 의상. 카나·멤쵸와 3인 세트.,,
onk-03,아리마 카나 (B코마치),onk,카나,반프레스토,프라이즈,약 16cm,2~3만 원대,common,루비와 같은 라인. 재고 안정적.,,
onk-04,멤쵸 (B코마치),onk,멤쵸,반프레스토,프라이즈,약 16cm,2~3만 원대,common,3인 세트 완성. 가장 늦게 빠지는 편.,,
onk-05,호시노 아쿠아,onk,아쿠아,반프레스토,프라이즈,약 17cm,2~3만 원대,common,배우 복장 스탠딩. 남성 캐릭터 중 유일한 프라이즈.,,
onk-06,넨도로이드 호시노 아이,onk,아이,굿스마일컴퍼니,넨도로이드,약 10cm,6~9만 원대,rare,아이돌 표정 + 거짓말 손 포즈. 재판 잦음.,,
onk-07,POP UP PARADE 호시노 루비,onk,루비,굿스마일컴퍼니,POP UP PARADE,약 17cm,5~7만 원대,rare,스케일 입문. 아이 POP UP과 세트.,,
onk-08,POP UP PARADE 호시노 아이,onk,아이,굿스마일컴퍼니,POP UP PARADE,약 17cm,5~7만 원대,rare,무대의상. 가장 많이 팔린 POP UP 중 하나.,,
onk-09,POP UP PARADE 쿠로카와 아카네,onk,아카네,굿스마일컴퍼니,POP UP PARADE,약 17cm,5~7만 원대,rare,시즌 2 이후 수요. 교복 버전.,,
onk-10,1/7 호시노 아이,onk,아이,굿스마일컴퍼니,스케일 1/7,약 25cm,20만 원대 이상,epic,무대 조명 베이스. 최애의 아이 소장용 정점.,,
gdm-01,HG RX-78-2 건담 (BEYOND GLOBAL),gdm,RX-78-2,반다이,HG 1/144,약 13cm,2~3만 원대,common,건프라 입문 1순위. 접착제·도색 없이 조립. 쿠팡 프라모델관 인기.,,
gdm-02,HG 건담 에어리얼,gdm,에어리얼,반다이,HG 1/144,약 13cm,2~3만 원대,common,수성의 마녀 주역기. 신규 팬 입문용.,,
gdm-03,HG 건담 바르바토스 루프스 렉스,gdm,바르바토스,반다이,HG 1/144,약 14cm,2~3만 원대,common,철혈의 오펀스. 긴 손톱 가동 재미.,,
gdm-04,HG 스트라이크 프리덤 건담,gdm,스트라이크 프리덤,반다이,HG 1/144,약 13cm,2~3만 원대,common,SEED FREEDOM 이후 재인기. 날개 전개.,,
gdm-05,HG 유니콘 건담 (디스트로이 모드),gdm,유니콘,반다이,HG 1/144,약 15cm,2~3만 원대,common,사이코 프레임 클리어 파츠. 입문자 선호.,,
gdm-06,RG 스트라이크 프리덤 건담,gdm,스트라이크 프리덤,반다이,RG 1/144,약 13cm,3~5만 원대,rare,쿠팡 프라모델관 인기 1위. 금색 프레임. 디테일 대비 가격 최고.,,
gdm-07,RG 뉴 건담,gdm,뉴 건담,반다이,RG 1/144,약 14cm,4~5만 원대,rare,핀 판넬 전개. RG 중 완성도 최상급 평가.,,
gdm-08,RG RX-78-2 건담 Ver.2.0,gdm,RX-78-2,반다이,RG 1/144,약 13cm,3~4만 원대,rare,2024 신금형. 내부 프레임 가동.,,
gdm-09,MG 유니콘 건담 Ver.Ka,gdm,유니콘,반다이,MG 1/100,약 22cm,7~9만 원대,rare,변신 기믹 완전 재현. MG 입문으로 인기.,,
gdm-10,MG 뉴 건담 Ver.Ka,gdm,뉴 건담,반다이,MG 1/100,약 23cm,8~10만 원대,rare,MG 대표작. 판넬 전개 스탠드 포함.,,
gdm-11,MG 건담 바르바토스,gdm,바르바토스,반다이,MG 1/100,약 19cm,6~8만 원대,rare,내부 프레임 노출 디자인. 도색 없이도 정보량 많음.,,
gdm-12,PG 스트라이크 프리덤 건담,gdm,스트라이크 프리덤,반다이,PG 1/60,약 32cm,30만 원대 이상,epic,퍼펙트 그레이드. LED 유닛 별매. 건프라 소장용 정점.,,
