board,rank,post_title,year,kind,decade,note,fig,world
newera-kr,1,귀멸의 칼날,2019,TV·극장,,무한성편 558만 관객 · 2025 일본 애니 흥행 1위,3,kny
newera-kr,2,주술회전,2020,TV,,시즌 3 · 2026 상반기 화제작 1위,3,jjk
newera-kr,3,체인소맨,2022,TV·극장,,레제편 257만 관객,2,csm
newera-kr,4,나 혼자만 레벨업,2024,TV,,한국 원작 · 시즌 2 1분기 1위,2,
newera-kr,5,스파이 패밀리,2022,TV·극장,,가족 단위 팬덤 · 선물 수요,3,sxf
newera-kr,6,장송의 프리렌,2023,TV,,"시즌 2 · ""인생 애니"" 평가",2,frn
newera-kr,7,최애의 아이,2023,TV,,시즌 3 방영,2,onk
newera-kr,8,원피스,1999,TV,,에그헤드편 · 쿠팡 피규어관 인기 1위급,3,op
newera-kr,9,약사의 혼잣말,2023,TV,,2025 크런치롤 5관왕,1,
newera-kr,10,블루록,2022,TV·극장,,축구 팬층 유입,2,
newera-kr,11,단다단,2024,TV,,Netflix 2025 글로벌 1위,2,
newera-kr,12,괴수 8호,2024,TV,,시즌 2,2,
newera-kr,13,하이큐!!,2014,TV·극장,,쓰레기장의 결전 극장판 흥행,2,
newera-kr,14,명탐정 코난,1996,TV·극장,,매년 극장판 100만+,1,
newera-kr,15,봇치 더 록!,2022,TV·극장,,밴드 붐,2,
newera-kr,16,사카모토 데이즈,2025,TV,,Netflix 2025 상반기 1위,1,
newera-kr,17,던전밥,2024,TV,,트리거 작화,1,
newera-kr,18,메달리스트,2025,TV,,피겨 스케이팅 · 1분기 투표 상위,1,
newera-kr,19,블리치 천년혈전,2022,TV,,2026 최종장,2,blc
newera-kr,20,지옥락,2023,TV,,시즌 2,1,
newera-jp,1,귀멸의 칼날,2019,TV·극장,,무한성편 387억 엔 · 역대 흥행 기록,3,kny
newera-jp,2,약사의 혼잣말,2023,TV,,ABEMA 2025 1위 · 시청·평점 동시 석권,1,
newera-jp,3,장송의 프리렌,2023,TV,,시즌 2 · Filmarks 상위,2,frn
newera-jp,4,주술회전,2020,TV,,시즌 3,3,jjk
newera-jp,5,명탐정 코난,1996,TV·극장,,2026 상반기 흥행 1위 135억 엔,1,
newera-jp,6,체인소맨,2022,TV·극장,,레제편,2,csm
newera-jp,7,스파이 패밀리,2022,TV·극장,,전 연령 팬덤,3,sxf
newera-jp,8,나의 히어로 아카데미아,2016,TV,,파이널 시즌 · 2026 크런치롤 올해의 애니,2,
newera-jp,9,사카모토 데이즈,2025,TV,,점프 신작 히트,1,
newera-jp,10,단다단,2024,TV,,시즌 2,2,
newera-jp,11,최애의 아이,2023,TV,,시즌 3,2,onk
newera-jp,12,블루록,2022,TV,,,2,
newera-jp,13,건담 지쿠악스,2025,TV·극장,,건담 신작 · 프라모델 특수,3,gdm
newera-jp,14,봇치 더 록!,2022,TV·극장,,,2,
newera-jp,15,괴수 8호,2024,TV,,,2,
newera-jp,16,무직전생,2021,TV,,시즌 3 · Animate Times 2026 여름 1위,1,
newera-jp,17,던전밥,2024,TV,,,1,
newera-jp,18,타코피의 원죄,2025,TV,,2025 화제작,1,
newera-jp,19,블리치 천년혈전,2022,TV,,,2,blc
newera-jp,20,메달리스트,2025,TV,,,1,
newera-cn,1,선역 (仙逆),2023,동화,,2025 1분기 재생 8.7억 · 중국 1위,1,
newera-cn,2,투파창궁 (斗破苍穹),2017,동화,,재생 8.1억,1,
newera-cn,3,완미세계 (完美世界),2021,동화,,재생 6.9억,1,
newera-cn,4,범인수선전 (凡人修仙传),2020,동화,,선협 동화 대표작,1,
newera-cn,5,귀멸의 칼날,2019,TV·극장,,Bilibili 일본 애니 1위권,3,kny
newera-cn,6,나 혼자만 레벨업,2024,TV,,,2,
newera-cn,7,스파이 패밀리,2022,TV,,,3,sxf
newera-cn,8,장송의 프리렌,2023,TV,,Bilibili 평점 상위,2,frn
newera-cn,9,주술회전,2020,TV,,,3,jjk
newera-cn,10,체인소맨,2022,TV,,,2,csm
newera-cn,11,약사의 혼잣말,2023,TV,,,1,
newera-cn,12,봇치 더 록!,2022,TV,,Bilibili 2차 창작 폭발,2,
newera-cn,13,단다단,2024,TV,,,2,
newera-cn,14,블루록,2022,TV,,,2,
newera-cn,15,원피스,1999,TV,,,3,op
newera-cn,16,명탐정 코난,1996,TV·극장,,,1,
newera-cn,17,Re:제로,2016,TV,,시즌 3,2,
newera-cn,18,던전밥,2024,TV,,,1,
newera-cn,19,리코리스 리코일,2022,TV,,,2,
newera-cn,20,사카모토 데이즈,2025,TV,,,1,
newera-asia,1,단다단,2024,TV,,"Netflix 2025 · 2,460만 계정 · 1.33억 시간",2,
newera-asia,2,사카모토 데이즈,2025,TV,,Netflix 2025 상반기 1위,1,
newera-asia,3,나 혼자만 레벨업,2024,TV,,2025 크런치롤 올해의 애니,2,
newera-asia,4,귀멸의 칼날,2019,TV·극장,,2026 크런치롤 올해의 영화,3,kny
newera-asia,5,약사의 혼잣말,2023,TV,,2026 크런치롤 5관왕,1,
newera-asia,6,나의 히어로 아카데미아,2016,TV,,2026 크런치롤 올해의 애니,2,
newera-asia,7,주술회전,2020,TV,,,3,jjk
newera-asia,8,스파이 패밀리,2022,TV,,,3,sxf
newera-asia,9,장송의 프리렌,2023,TV,,Netflix TOP 20,2,frn
newera-asia,10,체인소맨,2022,TV·극장,,,2,csm
newera-asia,11,원피스,1999,TV,,Netflix 실사판 동반 효과,3,op
newera-asia,12,블루록,2022,TV,,,2,
newera-asia,13,괴수 8호,2024,TV,,,2,
newera-asia,14,최애의 아이,2023,TV,,,2,onk
newera-asia,15,던전밥,2024,TV,,Netflix 독점,1,
newera-asia,16,Re:제로,2016,TV,,,2,
newera-asia,17,마슐,2023,TV,,Netflix TOP 20,1,
newera-asia,18,염염의 소방대,2019,TV,,시즌 3,1,
newera-asia,19,블리치 천년혈전,2022,TV,,,2,blc
newera-asia,20,사이버펑크: 엣지러너,2022,TV,,Netflix 오리지널,2,
legend,1,신세기 에반게리온,1995,TV·극장,90s,애니메이션의 정의를 바꾼 작품,3,
legend,2,드래곤볼,1986,TV,80s,소년만화의 교과서,3,
legend,3,슬램덩크,1993,TV·극장,90s,2023 극장판으로 한국 재점화,3,
legend,4,아키라,1988,극장,80s,사이버펑크 비주얼의 원점,2,
legend,5,카우보이 비밥,1998,TV·극장,90s,재즈와 SF의 완벽한 결합,2,
legend,6,원피스,1999,TV,90s,25년 연재 · 피규어 종류 최다,3,op
legend,7,나루토,2002,TV,00s,글로벌 소년만화 3대장,3,
legend,8,강철의 연금술사 BROTHERHOOD,2009,TV,00s,평점 랭킹 단골 1위,2,
legend,9,데스노트,2006,TV,00s,두뇌 싸움 서스펜스의 정점,1,
legend,10,진격의 거인,2013,TV,10s,2010년대를 정의한 작품,3,
legend,11,미소녀 전사 세일러문,1992,TV,90s,마법소녀 장르의 표준,3,
legend,12,공각기동대,1995,극장,90s,매트릭스에 영향을 준 작품,2,
legend,13,센과 치히로의 행방불명,2001,극장,00s,아카데미 장편 애니 수상,2,
legend,14,이웃집 토토로,1988,극장,80s,지브리의 얼굴,3,
legend,15,하울의 움직이는 성,2004,극장,00s,한국 극장 흥행 300만,2,
legend,16,블리치,2004,TV,00s,천년혈전으로 귀환,2,blc
legend,17,헌터×헌터,2011,TV,10s,2011판 · 완성도 최상,2,
legend,18,코드 기어스,2006,TV,00s,반전의 교과서,2,
legend,19,슈타인즈 게이트,2011,TV,10s,시간여행 SF 걸작,2,
legend,20,포켓몬스터,1997,TV·극장,90s,세계 최대 IP,3,
legend,21,명탐정 코난,1996,TV·극장,90s,30년 현역,1,
legend,22,기동전사 Z건담,1985,TV,80s,건프라 문화의 뿌리,3,gdm
legend,23,카드캡터 사쿠라,1998,TV,90s,CLAMP · 피규어 재판 꾸준,3,
legend,24,디지몬 어드벤처,1999,TV·극장,90s,한국 90년대생의 추억,2,
legend,25,유유백서,1992,TV,90s,토가시의 첫 걸작,2,
legend,26,란마 ½,1989,TV,80s,2024 리메이크로 재조명,2,
legend,27,모노노케 히메,1997,극장,90s,지브리 최고작 논쟁 단골,2,
legend,28,너의 이름은.,2016,극장,10s,한국 370만 · 신카이 열풍,1,
legend,29,하이큐!!,2014,TV·극장,10s,스포츠 애니의 현대 고전,2,
legend,30,사무라이 참프루,2004,TV,00s,힙합 × 시대극,1,
