slug,name,world_no,theme,theme2,on_theme,g,hero_slot,characters,curation_post
kny,귀멸의 칼날,1,#2fd36f,#ff7a1a,#000,40,IMG-W01-HERO,"탄지로,네즈코,렌고쿠,젠이츠,이노스케,기유",demon-slayer-figure-top5
jjk,주술회전,2,#4f6df5,#b06cff,#fff,40,IMG-W02-HERO,"고죠,이타도리,스쿠나,메구미,노바라,토지",jujutsu-kaisen-figure-top5
csm,체인소맨,3,#ff6a00,#f2f0ea,#000,45,IMG-W03-HERO,"덴지,파워,마키마,레제,아키,포치타",chainsaw-man-figure-top5
op,원피스,4,#ffcc33,#2eb3ff,#000,35,IMG-W04-HERO,"루피,조로,나미,상디,초파,로빈,에이스,샹크스",one-piece-figure-top5
frn,장송의 프리렌,5,#c9b6ff,#f2f0ea,#000,30,IMG-W05-HERO,"프리렌,페른,슈타르크,힘멜,하이터,아이젠",frieren-figure-top5
sxf,스파이 패밀리,6,#1fb27a,#ff8fb1,#000,40,IMG-W06-HERO,"아냐,요르,로이드,본드,다미안,베키",spy-family-figure-top5
blc,블리치,7,#ff3d6e,#9be7ff,#000,40,IMG-W07-HERO,"이치고,루키아,뱌쿠야,아이젠,우라하라,켄파치",
onk,최애의 아이,8,#ff8ad8,#7cf0ff,#000,35,IMG-W08-HERO,"아이,루비,아쿠아,카나,아카네,멤쵸",
gdm,건담,9,#5aa9ff,#ffd34d,#000,40,IMG-W09-HERO,"RX-78-2,스트라이크 프리덤,유니콘,뉴 건담,바르바토스,에어리얼",
